0;Name;Surname;Address;City;Post Code;Email;Phone;Password
1;Autumn;Cooke;6693 Porta Avenue;Liverpool;3115UE;pharetra.ut@Proin.ca;1-389-677-465-8265;1234
2;Ulysses;Hobbs;P.O. Box 103, 185 Blandit St.;Avelgem;15123;luctus.sit.amet@atpretium.co.uk;1-456-630-079-9239;1235
3;Glenna;Perkins;Ap #664-1386 Odio, Ave;Belvedere Ostrense;18144;elit@eratvolutpatNulla.ca;1-387-612-736-8249;1236
4;Darrel;Hayes;Ap #481-9053 Ac Av.;Brescia;50017-148;ac.risus.Morbi@venenatisa.org;1-171-594-492-5873;1237
5;Gillian;Salinas;Ap #574-3949 Vel, Rd.;Herfelingen;38-385;tristique.senectus@nisiCum.net;1-656-517-657-8830;1238
6;Wesley;Mckay;466-5935 Luctus Rd.;Aschaffenburg;R5K 4T6;mauris.ipsum.porta@ipsumdolorsit.org;1-774-165-530-8962;1239
7;April;Armstrong;Ap #311-4060 Non Rd.;Saarlouis;10113;eu.ligula@enim.org;1-688-289-212-6588;1240
8;Kirby;Emerson;P.O. Box 287, 8129 Non, St.;Warwick;48451-905;tincidunt.dui@orci.net;1-736-123-041-3641;1241
9;Eliana;Joyce;P.O. Box 247, 862 Phasellus Rd.;Otukpo;8704;velit@pedeblanditcongue.edu;1-298-444-495-6437;1242
10;Ali;Shepherd;Ap #561-902 Auctor Street;Valleyview;81110;interdum.libero@sagittis.net;1-771-414-186-9887;1243
11;Dean;Adkins;990-8743 Fermentum Road;Verzegnis;8441;ut.pharetra@imperdiet.co.uk;1-731-442-065-3530;1244
12;Paki;Roach;3627 In Rd.;Cambridge;21311;nec@tempusmauriserat.net;1-317-150-515-6675;1245
13;Juliet;Stephens;8686 Dui Road;Lille;1806;mauris.rhoncus@dictum.com;1-982-653-044-2606;1246
14;Zelenia;William;P.O. Box 933, 7059 Neque Road;Modinagar;44933;et.magnis@sem.net;1-725-499-374-9018;1247
15;Kibo;Matthews;Ap #446-7372 Erat Ave;Warri;60705;tincidunt.neque@risus.com;1-592-934-551-1184;1248
16;Juliet;Gay;Ap #724-3927 Molestie St.;Sommethonne;501610;Maecenas@metus.co.uk;1-229-824-639-6780;1249
17;Gareth;Parker;4241 Ligula St.;Loreto;831540;Nullam@semPellentesque.co.uk;1-869-888-958-4481;1250
18;Chester;Sosa;Ap #513-1027 Eget Ave;Meppel;X7A 6BK;nec@vestibulummassarutrum.com;1-421-983-633-8829;1251
19;Maris;Carrillo;Ap #233-3735 Risus. Rd.;Rouvroy;8640;non@CuraeDonec.com;1-641-188-851-5485;1252
20;August;Guy;P.O. Box 155, 8925 Augue Road;Söderhamn;19157;nonummy@justo.edu;1-321-819-335-3240;1253
21;Sierra;Ferguson;467-5927 Diam. Avenue;St. John's;16816;rutrum.lorem.ac@Fuscedolorquam.org;1-770-128-066-1548;1254
22;Madonna;Hutchinson;P.O. Box 182, 8479 Turpis. Road;Sromness;SV80 9PP;Sed.eu.eros@feliseget.ca;1-380-679-458-7508;1255
23;Cassidy;Kirby;8204 Feugiat St.;Edinburgh;4992;velit.eget@dolorsit.edu;1-386-150-008-9193;1256
24;Brandon;Stewart;Ap #137-935 Pellentesque Street;Castel Ritaldi;S0J 9J5;at.pede.Cras@Sed.co.uk;1-854-271-369-6419;1257
25;Sasha;Reed;Ap #741-1330 Tellus, Ave;Macklin;3292;Phasellus.ornare@consequat.edu;1-156-993-743-6754;1258
26;Celeste;Savage;P.O. Box 873, 1255 At Rd.;Nijlen;78677;In.at.pede@idenim.net;1-785-309-683-6094;1259
27;Guy;Cummings;Ap #487-410 Vivamus Road;Olivola;8342OU;enim.Etiam.imperdiet@tinciduntvehicularisus.org;1-991-662-235-7265;1260
28;Rajah;Haley;P.O. Box 916, 8421 Velit. Rd.;Springfield;2530FW;metus.In@magna.org;1-690-768-255-3537;1261
29;Lenore;Browning;P.O. Box 192, 2619 Lobortis Street;Castello di Godego;1138;Aliquam.nisl@DonecestNunc.org;1-194-150-039-6039;1262
30;Chloe;Hale;8538 Ridiculus St.;Rexton;60016;vel@ultricesiaculisodio.com;1-585-895-866-1323;1263
31;Naomi;Mejia;413-5294 Cursus. Rd.;Kitscoty;1867GA;magna.Praesent@malesuadafamesac.net;1-883-542-730-3169;1264
32;Reuben;Joyner;P.O. Box 681, 203 Varius Av.;Montebello sul Sangro;213969;dolor.dapibus.gravida@egestasa.org;1-691-315-697-4898;1265
33;Levi;Rice;631-9709 Consectetuer, Street;Schwedt;36191;pede.et@ante.net;1-624-959-719-9401;1266
34;Libby;Gomez;684-2465 Morbi Rd.;Pirmasens;734818;Nulla.tempor.augue@Cumsociis.ca;1-142-689-899-2503;1267
35;Austin;Conner;Ap #704-2045 Nunc Rd.;Enna;33487-736;Quisque.ac.libero@semperNamtempor.co.uk;1-961-785-780-1050;1268
36;Lilah;Willis;1867 Non Rd.;Kinross;52230;eu@massaQuisqueporttitor.net;1-827-940-750-8346;1269
37;Ainsley;Roberson;515-9783 Euismod Ave;Steendorp;4134;Sed.id.risus@volutpat.com;1-791-288-198-7354;1270
38;Paloma;Justice;684 Quisque St.;Appleby;30618;Nunc.mauris@Vivamusmolestie.ca;1-674-771-060-7493;1271
39;Ocean;Valencia;581-7056 Iaculis Avenue;Siddi;6844;Donec.elementum@velit.org;1-628-765-042-2784;1272
40;Pandora;Foreman;688-2554 Ullamcorper. Av.;Saharanpur;597879;dolor@venenatis.ca;1-951-297-289-7179;1273
41;Bethany;Cochran;632-6603 Sed Rd.;Jemeppe-sur-Sambre;99533;odio@liberoDonecconsectetuer.ca;1-502-229-583-6934;1274
42;Tobias;Hensley;Ap #521-4770 Magna. Ave;Perk;B9 3MD;Lorem@tellusPhasellus.ca;1-878-217-540-7251;1275
43;Emerson;Randolph;825 Tristique St.;Dreieich;29003-496;tellus@velvulputateeu.org;1-601-832-356-2895;1276
44;Astra;Harper;P.O. Box 578, 6277 Et Avenue;Hereford;10282;ante.blandit.viverra@euplacerateget.com;1-543-868-389-7062;1277
45;Deacon;Brock;Ap #154-9201 Diam St.;Loreto;A73 5FJ;montes.nascetur@pedemalesuada.org;1-912-841-074-9588;1278
46;Slade;Flowers;P.O. Box 834, 3317 Malesuada Ave;Lairg;21-915;et@ipsumnunc.org;1-638-129-674-9347;1279
47;Todd;Bird;5243 Id Avenue;San Jose;E2Y 7N1;magna.Duis.dignissim@lacus.com;1-252-961-968-1010;1280
48;Aidan;Schmidt;Ap #437-4452 Aliquet, Av.;Longaví;2543;odio.Aliquam@ligulaelitpretium.ca;1-660-359-062-4664;1281
49;Peter;Dunn;999-1353 Mauris Avenue;Bertogne;8986;libero@Vivamusmolestie.net;1-249-527-839-6183;1282
50;Selma;Lester;Ap #343-8924 Cum Ave;Terrance;944770;orci.consectetuer.euismod@dolordolor.com;1-101-529-947-3199;1283
51;Marny;Beard;P.O. Box 758, 7194 Est. St.;Shawville;347839;vehicula.aliquet.libero@lobortis.co.uk;1-652-413-454-9188;1284
52;Quin;Turner;682-6452 Accumsan St.;Francavilla in Sinni;75291;bibendum.ullamcorper@interdumfeugiat.org;1-663-718-661-2742;1285
53;Cleo;Foley;8776 Fermentum Rd.;Putignano;92354;magna.et.ipsum@massaQuisqueporttitor.co.uk;1-565-877-188-9095;1286
54;Ulla;Carr;552-9148 Fames Rd.;Cumberland County;87004;tincidunt@enimMauris.edu;1-844-530-094-2405;1287
55;Ronan;Oconnor;P.O. Box 548, 1071 In Av.;Brecon;375584;auctor.velit.eget@ametluctus.edu;1-373-794-583-6147;1288
56;Uta;Kirby;470-172 Euismod Street;Ramsdonk;10213;porta.elit@egestashendreritneque.edu;1-689-955-991-7821;1289
57;Joy;Powell;177-6538 Lacus. Street;Pincher Creek;06230-956;natoque.penatibus@gravidaPraesenteu.org;1-907-632-848-5899;1290
58;Wynne;Calhoun;6475 In Avenue;Chelmsford;4240TT;Donec.feugiat@auguemalesuada.net;1-182-715-115-9633;1291
59;September;Waters;9341 Donec Road;Gasteiz;59-252;lectus.Cum@velfaucibusid.org;1-122-555-579-1685;1292
60;Rhonda;Sweet;P.O. Box 428, 7598 Bibendum Road;Bournemouth;47609;ac.tellus.Suspendisse@semmollis.org;1-638-604-876-1996;1293
61;Brody;Bowman;5884 Quis Rd.;Medemblik;38798;sagittis.lobortis.mauris@ante.edu;1-663-642-265-6720;1294
62;Barrett;Mcleod;2699 Vivamus Street;Inuvik;811478;Praesent.luctus.Curabitur@faucibusutnulla.ca;1-952-803-906-4803;1295
63;Stacy;Cash;770-8896 Hendrerit St.;San Pietro al Tanagro;5084;tellus.Suspendisse.sed@tristique.edu;1-581-505-460-7080;1296
64;Norman;Baker;7634 Purus Road;Springdale;G3G 3X2;rutrum@parturientmontesnascetur.org;1-191-163-834-9075;1297
65;Serina;Boyle;P.O. Box 740, 3501 Quisque Rd.;Curanilahue;X1M 6R8;auctor.Mauris@gravida.co.uk;1-584-474-026-4459;1298
66;Justina;Campbell;2994 Cursus Rd.;Aguacaliente (San Francisco);7463;fermentum@fames.co.uk;1-197-277-580-3485;1299
67;Otto;Zamora;Ap #121-9814 Eu Avenue;HŽlŽcine;399177;libero@velit.co.uk;1-715-634-182-6831;1300
68;Todd;Gibbs;P.O. Box 822, 5092 Duis Avenue;Morrovalle;9486;feugiat.placerat.velit@pellentesquea.edu;1-867-449-829-8970;1301
69;Abigail;Rice;988-6971 Arcu. Road;Wichita;73032;id.sapien.Cras@aliquet.ca;1-973-979-195-9652;1302
70;Lois;Olson;2071 Hendrerit St.;Shawinigan;675371;Integer.id@velitPellentesqueultricies.edu;1-355-932-142-4852;1303
71;Sandra;Head;P.O. Box 501, 6949 Libero. Av.;Graz;3949;Duis.at.lacus@mi.co.uk;1-764-267-182-3401;1304
72;Chancellor;Leonard;Ap #373-3852 Arcu. Av.;Ankara;740632;nibh.sit@necmalesuadaut.org;1-620-503-041-6606;1305
73;Whoopi;Houston;715-6242 Augue St.;Okene;38869;non@odioEtiamligula.net;1-223-879-536-5694;1306
74;Evangeline;Chen;2429 Consequat Rd.;Hove;3709;orci@mi.com;1-812-272-591-4068;1307
75;Noah;York;484-6648 Risus Road;Tramatza;3659QZ;ligula.Donec.luctus@necurna.com;1-840-538-986-1783;1308
76;Buckminster;Vinson;Ap #584-8723 Nulla Rd.;Petit-Hallet;23550;rutrum@ultricesaauctor.co.uk;1-407-130-525-8473;1309
77;Denton;Langley;2427 Sem. Road;Ludhiana;1571;risus@vitaeeratVivamus.ca;1-261-434-082-5482;1310
78;Xander;Hancock;230-8236 Mauris Rd.;Roxburgh;30189;ac.turpis@loremipsum.ca;1-849-827-992-7487;1311
79;Elaine;Salazar;P.O. Box 712, 6893 Eu, Rd.;Picture Butte;932308;euismod.est@pharetraut.com;1-600-181-891-6887;1312
80;Colorado;Nunez;5302 Sed Rd.;Serrungarina;92419;auctor.quis@nequeet.ca;1-619-188-101-3162;1313
81;Kirsten;Chambers;Ap #887-7400 Quis St.;Zaragoza;36015;malesuada.vel.venenatis@nequeNullam.edu;1-822-360-734-8888;1314
82;Kylynn;Dudley;1414 Sagittis. Avenue;Lauco;7241PX;ante.lectus@Quisqueporttitor.co.uk;1-146-274-603-6704;1315
83;Colette;Hewitt;P.O. Box 201, 8782 Ut St.;Prato Carnico;84596;Curabitur@Nullainterdum.co.uk;1-306-173-816-4513;1316
84;Zia;Hale;5119 Metus Rd.;Asnières-sur-Seine;874;imperdiet.non.vestibulum@varius.org;1-169-810-205-4233;1317
85;Melissa;Ferrell;Ap #842-4726 Adipiscing St.;Carstairs;5386;tellus.id@volutpat.org;1-224-825-458-6668;1318
86;Wang;Ortiz;Ap #777-1351 Ligula Avenue;Liberia;4235;libero.Proin.mi@lobortis.net;1-760-587-003-7566;1319
87;Paula;Vaughn;Ap #292-2509 Libero Street;Ferness;1056GN;dictum.magna.Ut@urnaVivamus.org;1-698-698-959-5050;1320
88;Forrest;Hatfield;666-7825 Habitant Street;Limache;19693;quis.pede.Praesent@vestibulummassa.edu;1-140-169-814-1236;1321
89;Abel;Lindsay;3830 Nibh. St.;Port Alice;791299;tellus.imperdiet@purus.edu;1-375-408-862-5490;1322
90;Austin;Lara;9242 Pellentesque, Road;Bijapur;8459;semper.erat@Sed.ca;1-185-303-536-9014;1323
91;Brynn;Bennett;112-7628 Nisi Av.;Hofstade;43487;amet.consectetuer@Aliquamrutrumlorem.ca;1-464-654-611-2526;1324
92;Risa;Vinson;998-5556 Ante Av.;Doues;W1 2MW;dictum.Phasellus@sedturpis.edu;1-757-670-979-7740;1325
93;Tarik;Kramer;818-5281 A, Av.;Newark;66978-338;Proin@pellentesquetellussem.co.uk;1-438-572-743-6987;1326
94;Sarah;Barker;Ap #146-8977 Nulla Avenue;Quilleco;79578;eu.arcu.Morbi@ascelerisque.com;1-791-651-366-5744;1327
95;Rahim;Hughes;1069 Hymenaeos. Rd.;Puntarenas;40511;dolor@nibhAliquam.ca;1-472-550-494-6954;1328
96;Hope;Hudson;543-371 Erat Ave;Tulita;1961VI;risus.Morbi.metus@duinec.com;1-368-249-973-9052;1329
97;Lyle;Sargent;126-4429 Proin St.;Rotheux-RimiŽre;7216;ut.molestie.in@Nam.co.uk;1-352-694-308-3102;1330
98;Frances;Pope;769-7998 Posuere Street;Itter;1230;metus@vel.com;1-572-900-592-1322;1331
99;Latifah;Oneill;6729 Lorem St.;LaSalle;51289;Integer.vitae@tempordiamdictum.ca;1-284-761-137-7901;1332
100;Dara;Mccarthy;687-327 Facilisis St.;Crehen;178621;non.leo.Vivamus@elementumsem.ca;1-453-489-422-9197;1333
101;admin;admin;302-4229 Mi. Avenue;Riesa;47444;admin.admin@admin.co.za;1-493-601-989-6916;223
